{
    "_comment": "DO NOT EDIT: FILE GENERATED AUTOMATICALLY BY PTERODACTYL PANEL - PTERODACTYL.IO",
    "meta": {
        "version": "PTDL_v1",
        "update_url": null
    },
    "exported_at": "2021-06-15T17:24:18-04:00",
    "name": "Teamspeak3 Server",
    "author": "support@pterodactyl.io",
    "description": "VoIP software designed with security in mind, featuring crystal clear voice quality, endless customization options, and scalabilty up to thousands of simultaneous users.",
    "features": null,
    "images": [
        "ghcr.io\/pterodactyl\/yolks:debian"
    ],
    "file_denylist": [],
    "startup": ".\/ts3server default_voice_port={{SERVER_PORT}} query_port={{QUERY_PORT}} filetransfer_ip=0.0.0.0 filetransfer_port={{FILE_TRANSFER}} query_http_port={{QUERY_HTTP}} query_ssh_port={{QUERY_SSH}} query_protocols={{QUERY_PROTOCOLS_VAR}} license_accepted=1",
    "config": {
        "files": "{}",
        "startup": "{\r\n    \"done\": \"listening on 0.0.0.0:\"\r\n}",
        "logs": "{\r\n    \"custom\": true,\r\n    \"location\": \"logs\/ts3.log\"\r\n}",
        "stop": "^C"
    },
    "scripts": {
        "installation": {
            "script": "#!\/bin\/ash\r\n# TS3 Installation Script\r\n#\r\n# Server Files: \/mnt\/server\r\n\r\nif [ -z ${TS_VERSION} ] || [ ${TS_VERSION} == latest ]; then\r\n    TS_VERSION=$(curl -sSL https:\/\/teamspeak.com\/versions\/server.json | jq -r '.linux.x86_64.version')\r\nfi\r\n\r\ncd \/mnt\/server\r\n\r\necho -e \"getting files from http:\/\/files.teamspeak-services.com\/releases\/server\/${TS_VERSION}\/teamspeak3-server_linux_amd64-${TS_VERSION}.tar.bz2\" \r\ncurl -L http:\/\/files.teamspeak-services.com\/releases\/server\/${TS_VERSION}\/teamspeak3-server_linux_amd64-${TS_VERSION}.tar.bz2 | tar -xvj --strip-components=1\r\ncp .\/redist\/libmariadb.so.2 .\/",
            "container": "ghcr.io\/pterodactyl\/installers:alpine",
            "entrypoint": "ash"
        }
    },
    "variables": [
        {
            "name": "Server Version",
            "description": "The version of Teamspeak 3 to use when running the server.",
            "env_variable": "TS_VERSION",
            "default_value": "latest",
            "user_viewable": true,
            "user_editable": true,
            "rules": "required|string|max:6",
            "field_type": "text"
        },
        {
            "name": "File Transfer Port",
            "description": "The Teamspeak file transfer port",
            "env_variable": "FILE_TRANSFER",
            "default_value": "30033",
            "user_viewable": true,
            "user_editable": false,
            "rules": "required|integer|between:1025,65535",
            "field_type": "text"
        },
        {
            "name": "Query Port",
            "description": "The Teamspeak Query Port",
            "env_variable": "QUERY_PORT",
            "default_value": "10011",
            "user_viewable": true,
            "user_editable": false,
            "rules": "required|integer|between:1025,65535",
            "field_type": "text"
        },
        {
            "name": "Query Protocols",
            "description": "Comma separated list of protocols that can be used to connect to the ServerQuery | \r\nPossible values are raw, ssh and http | \r\nE.g.: raw,ssh,http",
            "env_variable": "QUERY_PROTOCOLS_VAR",
            "default_value": "raw,http,ssh",
            "user_viewable": true,
            "user_editable": true,
            "rules": "required|string|max:12",
            "field_type": "text"
        },
        {
            "name": "Query SSH Port",
            "description": "TCP Port opened for ServerQuery connections using SSH",
            "env_variable": "QUERY_SSH",
            "default_value": "10022",
            "user_viewable": true,
            "user_editable": false,
            "rules": "required|integer|between:1025,65535",
            "field_type": "text"
        },
        {
            "name": "Query HTTP Port",
            "description": "TCP Port opened for ServerQuery connections using http",
            "env_variable": "QUERY_HTTP",
            "default_value": "10080",
            "user_viewable": true,
            "user_editable": false,
            "rules": "required|integer|between:1025,65535",
            "field_type": "text"
        }
    ]
}
